<?xml version="1.0"?>
<!DOCTYPE hibernate-mapping PUBLIC "-//Hibernate/Hibernate Mapping DTD 3.0//EN"
"http://hibernate.sourceforge.net/hibernate-mapping-3.0.dtd">
<!-- Generated 20 Oct, 2020 12:37:18 PM by Hibernate Tools 3.5.0.Final -->
<hibernate-mapping>
    <class name="org.hcl.entities.Person" table="PERSON">
        <id name="personId" type="int">
            <generator class="assigned" />
        </id>
        <property name="firstName" type="java.lang.String">
        </property>
        <property name="lastName" type="java.lang.String">
        </property>
        <joined-subclass name="org.hcl.entities.BatsMan" table="BATSMAN_DETAILS">
        	<key column="batsman_id"/>
        	<property name="battingHand" type="string"/>
        	<property name="highestScore" type="integer"/>
        </joined-subclass>
        <joined-subclass name="org.hcl.entities.Bowler" table="BOWLER_DETAILS">
        	<key column="bowler_id"/>
        	<property name="bowlingHand" type="string"/>
        	<property name="wickets" type="integer"/>
        </joined-subclass>
    </class>
</hibernate-mapping>
