<?xml version="1.0" encoding="UTF-8"?>
<beans xmlns="http://www.springframework.org/schema/beans"
	xmlns:xsi="http://www.w3.org/2001/XMLSchema-instance"
	xsi:schemaLocation="http://www.springframework.org/schema/beans https://www.springframework.org/schema/beans/spring-beans-4.3.xsd">
	<bean name="role" class="com.hcl.Role">
		<property name="role_id" value="1"/>
		<property name="name" value="manager"/>
	</bean>
	<bean name="user" class="com.hcl.User">
		<property name="uid" value="101"/>
		<property name="userName" value="ksrao"/>
		<property name="password" value="ksrao@123"/>
		<property name="role" ref="role"/>
	</bean>

</beans>
