<?xml version="1.0" encoding="UTF-8"?>
<beans xmlns="http://www.springframework.org/schema/beans"
	xmlns:xsi="http://www.w3.org/2001/XMLSchema-instance"
	xsi:schemaLocation="http://www.springframework.org/schema/beans https://www.springframework.org/schema/beans/spring-beans-4.3.xsd">
	<bean name="address" class="org.hcl.Address">
		<property name="dno" value="101"/>
		<property name="streetName" value="gandhi street"/>
		<property name="loc" value="chennai"/>
	</bean>
	<bean name="emp" class="org.hcl.Emp">
		<property name="eno" value="1"/>
		<property name="name" value="suresh"/>
		<property name="address" ref="address"/>
	</bean>
</beans>
