<?xml version="1.0" encoding="UTF-8"?>
<beans xmlns="http://www.springframework.org/schema/beans"
	xmlns:xsi="http://www.w3.org/2001/XMLSchema-instance"
	xsi:schemaLocation="http://www.springframework.org/schema/beans https://www.springframework.org/schema/beans/spring-beans-4.3.xsd">
	<bean name="course1" class="com.ksr.Course">
		<property name="cid" value="1"/>
		<property name="cname" value="ECE"/>
		<property name="duration" value="2"/>
	</bean>
	<bean name="course2" class="com.ksr.Course">
		<property name="cid" value="2"/>
		<property name="cname" value="CSE"/>
		<property name="duration" value="2"/>
	</bean>
	<bean name="course3" class="com.ksr.Course">
		<property name="cid" value="3"/>
		<property name="cname" value="EEE"/>
		<property name="duration" value="2"/>
	</bean>
	<bean name="college" class="com.ksr.College">
		<property name="cid" value="1"/>
		<property name="collegeName" value="satyabama"/>
		<property name="courses">
			<list>
				<ref bean="course1"/>
				<ref bean="course2"/>
				<ref bean="course3"/>					
			</list>
		</property>
	</bean>
</beans>
