<?xml version="1.0" encoding="UTF-8"?>
<beans xmlns="http://www.springframework.org/schema/beans"
	xmlns:xsi="http://www.w3.org/2001/XMLSchema-instance"
	xsi:schemaLocation="http://www.springframework.org/schema/beans https://www.springframework.org/schema/beans/spring-beans-4.3.xsd">
	<bean name="user1" class="com.quizapp.User">
		<property name="userId" value="1"/>
		<property name="userName" value="suresh"/>
		<property name="address" value="chennai"/>
	</bean>
	<bean name="user2" class="com.quizapp.User">
		<property name="userId" value="2"/>
		<property name="userName" value="ramesh"/>
		<property name="address" value="hyd"/>
	</bean>
	<bean name="quiz" class="com.quizapp.Quiz">
		<property name="question" value="What is java"></property>
		<property name="answers">
			<map>
				<entry key="java is a OOP Language" value-ref="user1"/>
				<entry key="java is a technology" value-ref="user2"></entry>
			</map>
		</property>
	</bean>

</beans>
