<?xml version="1.0" encoding="UTF-8"?>
<beans xmlns="http://www.springframework.org/schema/beans"
	xmlns:xsi="http://www.w3.org/2001/XMLSchema-instance"
	xsi:schemaLocation="http://www.springframework.org/schema/beans https://www.springframework.org/schema/beans/spring-beans-4.3.xsd">
	<bean name="product1" class="org.ekart.Product">
		<property name="pid" value="1"/>
		<property name="productName" value="wheat"/>
		<property name="price" value="500"/>
	</bean>
	<bean name="product2" class="org.ekart.Product">
		<property name="pid" value="2"/>
		<property name="productName" value="rice"/>
		<property name="price" value="1000"/>
	</bean>
	<bean name="product3" class="org.ekart.Product">
		<property name="pid" value="3"/>
		<property name="productName" value="sugar"/>
		<property name="price" value="100"/>
	</bean>
	<bean name="cart" class="org.ekart.ShoppingCart">
		<property name="cartId" value="1"/>
		<property name="products">
			<list>
				<ref bean="product1"/>
				<ref bean="product2"/>
				<ref bean="product3"/>			
			</list>
		</property>
	</bean>
	<bean name="casher" class="org.ekart.Cashier">
		<property name="filePath" value="d:/report1.txt"/>
		<property name="cart" ref="cart"/>
	</bean>
</beans>
